{
  "results": [
    {
      "command": "./node_modules/.bin/babel src/src6.js --out-dir lib --presets=@babel/env",
      "mean": 9.537952255899999,
      "stddev": 0.048216432029577296,
      "median": 9.5222667655,
      "user": 11.8314772,
      "system": 0.14979089999999998,
      "min": 9.477498034,
      "max": 9.60328282,
      "times": [
        9.484348034,
        9.60328282,
        9.501249545,
        9.592288187,
        9.477498034,
        9.58665012,
        9.523323097,
        9.521210434,
        9.506973434,
        9.582698854
      ],
      "exit_codes": [
        0,
        0,
        0,
        0,
        0,
        0,
        0,
        0,
        0,
        0
      ]
    }
  ]
}
