{
  "results": [
    {
      "command": "./node_modules/.bin/babel src/src6.js --out-dir lib --presets=@babel/env",
      "mean": 8.9113073707,
      "stddev": 0.09933082960051438,
      "median": 8.9105755695,
      "user": 11.0158616,
      "system": 0.141219,
      "min": 8.745449961,
      "max": 9.135945266,
      "times": [
        8.871869917,
        8.954861723,
        8.848101115,
        9.135945266,
        8.939664738,
        8.865274738,
        8.93075511,
        8.904294458,
        8.916856681,
        8.745449961
      ],
      "exit_codes": [
        0,
        0,
        0,
        0,
        0,
        0,
        0,
        0,
        0,
        0
      ]
    }
  ]
}
