Eilučių kiekis,Laikas (sekundėmis),Ali,Babel,lib3to2,Rector
100,,0.001450199112266112,0.5695248545,0.40408256070000004,0.7916342231000001
200,,0.0027306913030888036,0.6638129559999999,0.5194910267000001,0.8941052205
400,,0.006526760569911501,0.8447879264000001,0.7514874445999999,1.0989368694
800,,0.019598496511904765,1.3749393342,1.2198749850000001,1.5290099218
1600,,0.06740433293181819,3.0777144412,2.1702853955999997,2.4108034643
3200,,0.2500052235,9.537952255899999,4.1040356037,4.163712714200001
6400,,0.9635690487999999,NaN,NaN,7.7628384643000015