{
  "results": [
    {
      "command": "./3to2 src/src6.py -w --no-diffs",
      "mean": 4.1040356037,
      "stddev": 0.019576546333869543,
      "median": 4.1092413095,
      "user": 4.084704499999999,
      "system": 0.018798099999999995,
      "min": 4.082389142,
      "max": 4.142649656,
      "times": [
        4.115224401,
        4.11448339,
        4.084022643,
        4.082433229,
        4.108490998,
        4.082389142,
        4.112691105,
        4.087979852,
        4.109991621,
        4.142649656
      ],
      "exit_codes": [
        0,
        0,
        0,
        0,
        0,
        0,
        0,
        0,
        0,
        0
      ]
    }
  ]
}
