{
  "results": [
    {
      "command": "./3to2 src/src7.py -w --no-diffs",
      "mean": 7.968367526,
      "stddev": 0.1278440004158756,
      "median": 7.9326716285,
      "user": 7.9436579,
      "system": 0.024500799999999996,
      "min": 7.872336795,
      "max": 8.312626052,
      "times": [
        8.312626052,
        7.903153673,
        7.872336795,
        7.925855304,
        7.95589451,
        7.947988927,
        7.907524625,
        8.022781051,
        7.939487953,
        7.89602637
      ],
      "exit_codes": [
        0,
        0,
        0,
        0,
        0,
        0,
        0,
        0,
        0,
        0
      ]
    }
  ]
}
