{
  "results": [
    {
      "command": "./alic src/src7 output",
      "mean": 0.022918816272727283,
      "stddev": 0.0001449172662918313,
      "median": 0.022908009,
      "user": 0.02149794696969696,
      "system": 0.0012506439393939386,
      "min": 0.022369658,
      "max": 0.023543766,
      "times": [
        0.022560011,
        0.022370801000000003,
        0.022369658,
        0.022845106,
        0.022911818,
        0.022774567000000003,
        0.022872166000000003,
        0.02296673,
        0.022895576,
        0.023046292000000003,
        0.023210661,
        0.022878538,
        0.022776883,
        0.022975143,
        0.023113299,
        0.023013965,
        0.023131991,
        0.023543766,
        0.022868977000000002,
        0.022798785000000002,
        0.022868598,
        0.023124498,
        0.022908023000000003,
        0.022851659,
        0.022833835,
        0.022895685000000002,
        0.023054904,
        0.022819128,
        0.022747688000000002,
        0.022854726000000002,
        0.022795489000000002,
        0.022796778,
        0.02278018,
        0.022745388000000002,
        0.022868293,
        0.022962016000000002,
        0.022854559,
        0.022825964,
        0.022867597,
        0.022815961000000003,
        0.022901672,
        0.023202055000000003,
        0.022815646000000002,
        0.022899676,
        0.022925019,
        0.022956294000000002,
        0.02300492,
        0.022876667,
        0.022810623000000002,
        0.022786418000000003,
        0.022846647,
        0.022935589000000003,
        0.022784020000000002,
        0.022984085,
        0.023055128,
        0.022988467000000002,
        0.023032233000000003,
        0.022907995,
        0.023119543000000003,
        0.022930279,
        0.022913719000000003,
        0.022936028,
        0.022847423000000002,
        0.022882293,
        0.022973926000000002,
        0.022798752000000002,
        0.023005833,
        0.022937084,
        0.022900766000000003,
        0.022948164,
        0.022763675,
        0.023009262000000003,
        0.022852459000000002,
        0.022903025,
        0.022878696,
        0.022993494,
        0.022882635000000002,
        0.022961659000000002,
        0.022840736,
        0.022970684,
        0.02274261,
        0.022776539000000002,
        0.022936649,
        0.02283726,
        0.023021381,
        0.02302709,
        0.022901993000000002,
        0.022963138,
        0.022945263,
        0.02296832,
        0.022977979000000003,
        0.022852741000000003,
        0.022729004,
        0.022816703,
        0.022828141,
        0.022725856000000003,
        0.022989959,
        0.02299139,
        0.023070936,
        0.022786692,
        0.022841140000000003,
        0.022833016,
        0.022939959000000003,
        0.02313331,
        0.022961122,
        0.023065545,
        0.022820923,
        0.023046075000000003,
        0.023049951000000003,
        0.022829484,
        0.022844058,
        0.023340419,
        0.022965902,
        0.023214143000000003,
        0.02289735,
        0.023068373000000003,
        0.022893811,
        0.023038479,
        0.02295088,
        0.022972967,
        0.022774745000000002,
        0.022913539,
        0.022990865000000003,
        0.022861878000000002,
        0.023051644000000003,
        0.022933913,
        0.022923571,
        0.022875013000000003,
        0.023023414000000002,
        0.023016051000000003,
        0.023059685,
        0.023103888000000003
      ],
      "exit_codes": [
        0,
        0,
        0,
        0,
        0,
        0,
        0,
        0,
        0,
        0,
        0,
        0,
        0,
        0,
        0,
        0,
        0,
        0,
        0,
        0,
        0,
        0,
        0,
        0,
        0,
        0,
        0,
        0,
        0,
        0,
        0,
        0,
        0,
        0,
        0,
        0,
        0,
        0,
        0,
        0,
        0,
        0,
        0,
        0,
        0,
        0,
        0,
        0,
        0,
        0,
        0,
        0,
        0,
        0,
        0,
        0,
        0,
        0,
        0,
        0,
        0,
        0,
        0,
        0,
        0,
        0,
        0,
        0,
        0,
        0,
        0,
        0,
        0,
        0,
        0,
        0,
        0,
        0,
        0,
        0,
        0,
        0,
        0,
        0,
        0,
        0,
        0,
        0,
        0,
        0,
        0,
        0,
        0,
        0,
        0,
        0,
        0,
        0,
        0,
        0,
        0,
        0,
        0,
        0,
        0,
        0,
        0,
        0,
        0,
        0,
        0,
        0,
        0,
        0,
        0,
        0,
        0,
        0,
        0,
        0,
        0,
        0,
        0,
        0,
        0,
        0,
        0,
        0,
        0,
        0,
        0,
        0
      ]
    }
  ]
}
