{
  "results": [
    {
      "command": "./ali_compiler src/src7 output",
      "mean": 0.9635690487999999,
      "stddev": 0.0036010689239038907,
      "median": 0.9632670910000001,
      "user": 0.9604495,
      "system": 0.0019994,
      "min": 0.9586719250000001,
      "max": 0.970781701,
      "times": [
        0.959802797,
        0.9637134460000001,
        0.9586719250000001,
        0.9634798290000001,
        0.9608649410000001,
        0.9630543530000001,
        0.970781701,
        0.9627068190000001,
        0.9650474520000001,
        0.967567225
      ],
      "exit_codes": [
        0,
        0,
        0,
        0,
        0,
        0,
        0,
        0,
        0,
        0
      ]
    }
  ]
}
