{
  "results": [
    {
      "command": "vendor/bin/rector process src/src7.php --no-progress-bar --no-diffs",
      "mean": 7.7628384643000015,
      "stddev": 0.053503279040238876,
      "median": 7.7307732345,
      "user": 7.452486,
      "system": 0.26554009999999995,
      "min": 7.705351659,
      "max": 7.834487382,
      "times": [
        7.723617819,
        7.718381218,
        7.732272522,
        7.722456005,
        7.729273947,
        7.821961798,
        7.8170036540000005,
        7.705351659,
        7.834487382,
        7.823578639
      ],
      "exit_codes": [
        0,
        0,
        0,
        0,
        0,
        0,
        0,
        0,
        0,
        0
      ]
    }
  ]
}
