{
  "results": [
    {
      "command": "vendor/bin/rector process src/src7.php --no-progress-bar --no-diffs",
      "mean": 5.909364191,
      "stddev": 0.001539447902256784,
      "median": 5.9089998605,
      "user": 5.624242799999999,
      "system": 0.2099348,
      "min": 5.906982164,
      "max": 5.911642268,
      "times": [
        5.9091248620000005,
        5.907587757,
        5.911642268,
        5.906982164,
        5.908874859,
        5.91151499,
        5.910615453,
        5.909738455,
        5.908776586,
        5.908784516
      ],
      "exit_codes": [
        0,
        0,
        0,
        0,
        0,
        0,
        0,
        0,
        0,
        0
      ]
    }
  ]
}
